user_id,event_date,event_timestamp,event_name,firebase_screen,firebase_screen_class,ga_session_id,ga_session_number,content_type,content,engagement_time_msec,Column1,Column2,Column3,Column4,Home_Button_Visibility,Category_Button_Visibility,Map_Button_Visibility,ITEM_RELEASE,ITEM_RATING,ITEM_VOTE_COUNT,ITEM_ORIGINAL_LANGUAGE,ITEM_GENRE,ITEM_POSITION_LIST,COLUMN,item_name,items
bmld67BEgsQehpsb6WVoEIREU232,2021-01-22,1611315412394011,user_engagement,Maps,MainActivity_V1,1611315252,1,,,4734,,,,,,,,,,,,,,,,
bmld67BEgsQehpsb6WVoEIREU232,2021-01-22,1611315405173004,screen_view,HomeFragment,MainActivity_V1,1611315252,1,,,2478,,,,,,,,,,,,,,,,
bmld67BEgsQehpsb6WVoEIREU232,2021-01-22,1611315405132003,select_content,HomeFragment,MainActivity_V1,1611315252,1,NavBar_Button,Home_Button,,,,,,True,True,True,,,,,,,,,
bmld67BEgsQehpsb6WVoEIREU232,2021-01-22,1611315358960001,screen_view,ProductsCategory,MainActivity_V1,1611315252,1,,,2970,,,,,,,,,,,,,,,,
bmld67BEgsQehpsb6WVoEIREU232,2021-01-22,1611315388702022,select_content,productDetailsFragment,MainActivity_V1,1611315252,1,Button_Clicked,switchDesign,,,,,,,,,,,,,,,,,
bmld67BEgsQehpsb6WVoEIREU232,2021-01-22,1611315400484045,user_engagement,,HomeDefinition,1611315252,1,,,5861,,,,,,,,,,,,,,,,
bmld67BEgsQehpsb6WVoEIREU232,2021-01-22,1611315347553000,screen_view,,MainActivity_V1,1611315252,1,,,5,,,,,,,,,,,,,,,,
bmld67BEgsQehpsb6WVoEIREU232,2021-01-22,1611315366343009,user_engagement,HomeFragment,MainActivity_V1,1611315252,1,,,4383,,,,,,,,,,,,,,,,
bmld67BEgsQehpsb6WVoEIREU232,2021-01-22,1611315371576007,select_content,productDetailsFragment,MainActivity_V1,1611315252,1,Button_Clicked,action_signOut,,,,,,,,,,,,,,,,,
bmld67BEgsQehpsb6WVoEIREU232,2021-01-22,1611315373304010,screen_view,productDetailsFragment,MainActivity_V1,1611315252,1,NavBar_Button,Home_Button,1,,,,,True,True,True,,,,,,,,,
bmld67BEgsQehpsb6WVoEIREU232,2021-01-22,1611315373305011,screen_view,,MainActivity_V1,1611315252,1,,,3808,,,,,,,,1972-03-14,8.7,13624,,"[18,80]",,,The Godfather,
bmld67BEgsQehpsb6WVoEIREU232,2021-01-22,1611315388689018,select_content,productDetailsFragment,MainActivity_V1,1611315252,1,Button_Clicked,switchDesign,,,,,,,,,,,,,,,,,
bmld67BEgsQehpsb6WVoEIREU232,2021-01-22,1611315390692033,user_engagement,,HomeDefinition,1611315252,1,,,1919,,,,,,,,,,,,,,,,
bmld67BEgsQehpsb6WVoEIREU232,2021-01-22,1611315347547002,screen_view,HomeFragment,MainActivity_V1,1611315252,1,,,8679,,,,,,,,,,,,,,,,
bmld67BEgsQehpsb6WVoEIREU232,2021-01-22,1611315361913002,select_content,ProductsCategory,MainActivity_V1,1611315252,1,NavBar_Button,Home_Button,,,,,,True,True,True,,,,,,,,,
bmld67BEgsQehpsb6WVoEIREU232,2021-01-22,1611315388691020,select_content,productDetailsFragment,MainActivity_V1,1611315252,1,switchDesign_Clicked,,,,,,,,,,,,,,,,,,
bmld67BEgsQehpsb6WVoEIREU232,2021-01-22,1611315392322029,screen_view,,HomeDefinition,1611315252,1,,,5861,,,,,,,,,,,,,,,,
bmld67BEgsQehpsb6WVoEIREU232,2021-01-22,1611315407659008,user_engagement,HomeFragment,MainActivity_V1,1611315252,1,,,2478,,,,,,,,,,,,,,,,
bmld67BEgsQehpsb6WVoEIREU232,2021-01-22,1611315426814013,app_remove,,,1611315252,1,,,,,,,,,,,,,,,,,,,
bmld67BEgsQehpsb6WVoEIREU232,2021-01-22,1611315361976004,screen_view,HomeFragment,MainActivity_V1,1611315252,1,,,4338,,,,,,,,,,,,,,,,
bmld67BEgsQehpsb6WVoEIREU232,2021-01-22,1611315373287013,user_engagement,,HomeDefinition,1611315252,1,,,1626,,,,,,,,,,,,,,,,
bmld67BEgsQehpsb6WVoEIREU232,2021-01-22,1611315385807026,user_engagement,HomeFragment,MainActivity_V1,1611315252,1,,,3560,,,,,,,,,,,,,,,,
bmld67BEgsQehpsb6WVoEIREU232,2021-01-22,1611315407581005,select_content,HomeFragment,MainActivity_V1,1611315252,1,NavBar_Button,Map_Button,,,,,,True,True,True,,,,,,,,,
bmld67BEgsQehpsb6WVoEIREU232,2021-01-22,1611315407652006,screen_view,Maps,MainActivity_V1,1611315252,1,,,4734,,,,,,,,,,,,,,,,
bmld67BEgsQehpsb6WVoEIREU232,2021-01-22,1611315412385008,screen_view,ProductsCategory,MainActivity_V1,1611315252,1,,,,,,,,,,,,,,,,,,,
bmld67BEgsQehpsb6WVoEIREU232,2021-01-22,1611315388690019,select_content,productDetailsFragment,MainActivity_V1,1611315252,1,Design_Selection,Grid_Design_selected,,,,,,True,True,True,,,,,,,,,
bmld67BEgsQehpsb6WVoEIREU232,2021-01-22,1611315390711025,screen_view,,MainActivity_V1,1611315252,1,,,1509,,,,,,,,2020-09-03,6.6,477,,"[28,53,80,18]",,,Honest Thief,
bmld67BEgsQehpsb6WVoEIREU232,2021-01-22,1611315392314042,user_engagement,,MainActivity_V1,1611315252,1,,,1509,,,,,,,,,,,,,,,,
bmld67BEgsQehpsb6WVoEIREU232,2021-01-22,1611315394552043,user_engagement,,HomeDefinition,1611315252,1,,,2273,,,,,,,,,,,,,,,,
bmld67BEgsQehpsb6WVoEIREU232,2021-01-22,1611315400649002,screen_view,HomeFragment,MainActivity_V1,1611315252,1,,,4523,,,,,,,,,,,,,,,,
bmld67BEgsQehpsb6WVoEIREU232,2021-01-22,1611315358905000,select_content,Maps,MainActivity_V1,1611315252,1,NavBar_Button,Category_Button,,,,,,True,True,True,,,,,,,,,
bmld67BEgsQehpsb6WVoEIREU232,2021-01-22,1611315366314006,screen_view,productDetailsFragment,MainActivity_V1,1611315252,1,,,5266,,,,,,,,1972-03-14,8.7,13624,,"[18,80]",,,The Godfather,
bmld67BEgsQehpsb6WVoEIREU232,2021-01-22,1611315377127018,user_engagement,,MainActivity_V1,1611315252,1,,,3811,,,,,,,,,,,,,,,,
bmld67BEgsQehpsb6WVoEIREU232,2021-01-22,1611315380374014,screen_view,productDetailsFragment,MainActivity_V1,1611315252,1,,,1855,,,,,,,,1974-12-20,8.6,8126,,"[18,80]",,,The Godfather: Part II,
bmld67BEgsQehpsb6WVoEIREU232,2021-01-22,1611315392199026,select_content,,MainActivity_V1,1611315252,1,Button_Clicked,switchDesign,,,,,,,,,,,,,,,,,
bmld67BEgsQehpsb6WVoEIREU232,2021-01-22,1611315405181005,user_engagement,HomeFragment,MainActivity_V1,1611315252,1,,,4525,,,,,,,,,,,,,,,,
bmld67BEgsQehpsb6WVoEIREU232,2021-01-22,1611315347547001,screen_view,HomeFragment,MainActivity_V1,1611315252,1,,,9,,,,,True,True,True,,,,,,,,,
bmld67BEgsQehpsb6WVoEIREU232,2021-01-22,1611315361930003,screen_view,,MainActivity_V1,1611315252,1,,,45,,,,,,,,,,,,,,,,
bmld67BEgsQehpsb6WVoEIREU232,2021-01-22,1611315385788017,screen_view,productDetailsFragment,MainActivity_V1,1611315252,1,,,2916,,,,,,,,2020-09-03,6.6,477,,"[28,53,80,18]",,,Honest Thief,
bmld67BEgsQehpsb6WVoEIREU232,2021-01-22,1611315388800032,user_engagement,productDetailsFragment,MainActivity_V1,1611315252,1,,,2916,,,,,,,,,,,,,,,,
bmld67BEgsQehpsb6WVoEIREU232,2021-01-22,1611315392217030,select_content,,MainActivity_V1,1611315252,1,Button_Clicked,switchDesign,,,,,,,,,,,,,,,,,
bmld67BEgsQehpsb6WVoEIREU232,2021-01-22,1611315400524032,screen_view,,HomeDefinition,1611315252,1,,,,,,,,,,,,,,,,,,,
bmld67BEgsQehpsb6WVoEIREU232,2021-01-22,1611315358968002,user_engagement,Maps,MainActivity_V1,1611315252,1,,,2721,,,,,,,,,,,,,,,,
bmld67BEgsQehpsb6WVoEIREU232,2021-01-22,1611315361984006,user_engagement,ProductsCategory,MainActivity_V1,1611315252,1,,,2970,,,,,,,,,,,,,,,,
bmld67BEgsQehpsb6WVoEIREU232,2021-01-22,1611315390732023,screen_view,,MainActivity_V1,1611315252,1,,,2,,,,,,,,,,,,,,,,
bmld67BEgsQehpsb6WVoEIREU232,2021-01-22,1611315373344009,screen_view,,MainActivity_V1,1611315252,1,,,2,,,,,,,,,,,,,,,,
bmld67BEgsQehpsb6WVoEIREU232,2021-01-22,1611315382229015,screen_view,HomeFragment,MainActivity_V1,1611315252,1,,,3560,True,True,False,False,,,,,,,,,,,,
bmld67BEgsQehpsb6WVoEIREU232,2021-01-22,1611315388810021,screen_view,,HomeDefinition,1611315252,1,,,1919,,,,,,,,,,,,,,,,
bmld67BEgsQehpsb6WVoEIREU232,2021-01-22,1611315412340007,select_content,Maps,MainActivity_V1,1611315252,1,NavBar_Button,Category_Button,,,,,,True,True,True,,,,,,,,,
bmld67BEgsQehpsb6WVoEIREU232,2021-01-22,1611315371653008,screen_view,,HomeDefinition,1611315252,1,,,1626,,,,,,,,,,,,,,,,
bmld67BEgsQehpsb6WVoEIREU232,2021-01-22,1611315392201028,select_content,,MainActivity_V1,1611315252,1,switchDesign_Clicked,,,,,,,,,,,,,,,,,,
bmld67BEgsQehpsb6WVoEIREU232,2021-01-22,1611315400649001,screen_view,HomeFragment,MainActivity_V1,1611315252,1,,,,,,,,True,True,True,,,,,,,,,
bmld67BEgsQehpsb6WVoEIREU232,2021-01-22,1611315414093012,user_engagement,ProductsCategory,MainActivity_V1,1611315252,1,,,1698,,,,,,,,,,,,,,,,
bmld67BEgsQehpsb6WVoEIREU232,2021-01-22,1611315356239004,screen_view,Maps,MainActivity_V1,1611315252,1,,,2721,,,,,,,,,,,,,,,,
bmld67BEgsQehpsb6WVoEIREU232,2021-01-22,1611315356244005,user_engagement,HomeFragment,MainActivity_V1,1611315252,1,,,8693,,,,,,,,,,,,,,,,
bmld67BEgsQehpsb6WVoEIREU232,2021-01-22,1611315377114012,screen_view,HomeFragment,MainActivity_V1,1611315252,1,,,3258,True,True,False,False,,,,,,,,,,,,
bmld67BEgsQehpsb6WVoEIREU232,2021-01-22,1611315380408021,user_engagement,HomeFragment,MainActivity_V1,1611315252,1,,,3258,,,,,,,,,,,,,,,,
bmld67BEgsQehpsb6WVoEIREU232,2021-01-22,1611315400654000,screen_view,,MainActivity_V1,1611315252,1,,,2,,,,,,,,,,,,,,,,
bmld67BEgsQehpsb6WVoEIREU232,2021-01-22,1611315355842003,select_content,HomeFragment,MainActivity_V1,1611315252,1,NavBar_Button,Map_Button,,,,,,True,True,True,,,,,,,,,
bmld67BEgsQehpsb6WVoEIREU232,2021-01-22,1611315371587011,user_engagement,productDetailsFragment,MainActivity_V1,1611315252,1,,,5266,,,,,,,,,,,,,,,,
bmld67BEgsQehpsb6WVoEIREU232,2021-01-22,1611315382237023,user_engagement,productDetailsFragment,MainActivity_V1,1611315252,1,,,1855,,,,,,,,,,,,,,,,
bmld67BEgsQehpsb6WVoEIREU232,2021-01-22,1611315390711024,screen_view,productDetailsFragment,MainActivity_V1,1611315252,1,Design_Selection,Grid_Design_selected,,,,,,True,True,True,,,,,,,,,
bmld67BEgsQehpsb6WVoEIREU232,2021-01-22,1611315392201027,select_content,,MainActivity_V1,1611315252,1,Design_Selection,Grid_Design_selected,,,,,,True,True,True,,,,,,,,,
bmld67BEgsQehpsb6WVoEIREU232,2021-01-22,1611315399938031,select_content,,HomeDefinition,1611315252,1,Button_Clicked,SignIn_Button,,,,,,,,,,,,,,,,,
bmld67BEgsQehpsb6WVoEIREU232,2021-01-22,1611315366280005,select_item,HomeFragment,MainActivity_V1,1611315252,1,,,,,,,,,,,1972-03-14,8.7,13624,en,"[18,80]",1,top_ratedMoviesRV,The Godfather,The Godfather
bmld67BEgsQehpsb6WVoEIREU232,2021-01-22,1611315385748016,select_item,HomeFragment,MainActivity_V1,1611315252,1,,,,,,,,,,,2020-09-03,6.6,477,en,"[28,53,80,18]",5,popularMoviesRV,Honest Thief,Honest Thief
bmld67BEgsQehpsb6WVoEIREU232,2021-01-22,1611315380349013,select_item,HomeFragment,MainActivity_V1,1611315252,1,,,,,,,,,,,1974-12-20,8.6,8126,en,"[18,80]",2,top_ratedMoviesRV,The Godfather: Part II,The Godfather: Part II
TEsMT2ssaIOeeYroq47ul7Byzub2,2021-01-22,1611336145122000,screen_view,,MainActivity_V1,1611335273,8,,,,True,True,False,False,,,,,,,,,,,,
TEsMT2ssaIOeeYroq47ul7Byzub2,2021-01-22,1611336146404000,user_engagement,,MainActivity_V1,1611335273,8,,,1249,,,,,,,,,,,,,,,,
TEsMT2ssaIOeeYroq47ul7Byzub2,2021-01-22,1611335353195001,screen_view,productDetailsFragment,MainActivity_V1,1611335273,8,,,1061,,,,,,,,1951-10-03,7.9,87,,,,,Early Summer,
TEsMT2ssaIOeeYroq47ul7Byzub2,2021-01-22,1611335353242002,user_engagement,HomeFragment,MainActivity_V1,1611335273,8,,,5662,,,,,,,,,,,,,,,,
TEsMT2ssaIOeeYroq47ul7Byzub2,2021-01-22,1611335368946001,screen_view,productDetailsFragment,MainActivity_V1,1611335273,8,,,843,,,,,,,,2020-12-17,4.3,61,,,,,Breach,
TEsMT2ssaIOeeYroq47ul7Byzub2,2021-01-22,1611335328707000,screen_view,,MainActivity_V1,1611335273,8,,,,,,,,,,,,,,,,,,,
TEsMT2ssaIOeeYroq47ul7Byzub2,2021-01-22,1611335347544001,user_engagement,productDetailsFragment,MainActivity_V1,1611335273,8,,,1174,,,,,,,,,,,,,,,,
TEsMT2ssaIOeeYroq47ul7Byzub2,2021-01-22,1611335354256002,screen_view,HomeFragment,MainActivity_V1,1611335273,8,,,4013,True,True,False,False,,,,,,,,,,,,
TEsMT2ssaIOeeYroq47ul7Byzub2,2021-01-22,1611335358388002,user_engagement,HomeFragment,MainActivity_V1,1611335273,8,,,4013,,,,,,,,,,,,,,,,
TEsMT2ssaIOeeYroq47ul7Byzub2,2021-01-22,1611335374542001,user_engagement,productDetailsFragment,MainActivity_V1,1611335273,8,,,1008,,,,,,,,,,,,,,,,
TEsMT2ssaIOeeYroq47ul7Byzub2,2021-01-22,1611335378645000,screen_view,,MainActivity_V1,1611335273,8,,,1182,,,,,,,,,,,,,,,,
TEsMT2ssaIOeeYroq47ul7Byzub2,2021-01-22,1611335378755001,user_engagement,ProductsCategory,MainActivity_V1,1611335273,8,,,980,,,,,,,,,,,,,,,,
TEsMT2ssaIOeeYroq47ul7Byzub2,2021-01-22,1611335339315002,user_engagement,HomeFragment,MainActivity_V1,1611335273,8,,,2936,,,,,,,,,,,,,,,,
TEsMT2ssaIOeeYroq47ul7Byzub2,2021-01-22,1611335378622000,select_content,ProductsCategory,MainActivity_V1,1611335273,8,NavBar_Button,Map_Button,,,,,,True,True,True,,,,,,,,,
TEsMT2ssaIOeeYroq47ul7Byzub2,2021-01-22,1611335379830000,screen_view,Maps,MainActivity_V1,1611335273,8,,,363,,,,,,,,,,,,,,,,
lws8XqradLMg6flQjxaISKYCgPk1,2021-01-22,1611335273414001,screen_view,,HomeDefinition,1611335273,8,,,,,,,,,,,,,,,,,,,
TEsMT2ssaIOeeYroq47ul7Byzub2,2021-01-22,1611335328704000,screen_view,HomeFragment,MainActivity_V1,1611335273,8,,,1,,,,,True,True,True,,,,,,,,,
TEsMT2ssaIOeeYroq47ul7Byzub2,2021-01-22,1611335331670001,screen_view,productDetailsFragment,MainActivity_V1,1611335273,8,,,1226,,,,,,,,1974-12-20,8.6,8126,,,,,The Godfather: Part II,
TEsMT2ssaIOeeYroq47ul7Byzub2,2021-01-22,1611335332897000,screen_view,HomeFragment,MainActivity_V1,1611335273,8,,,2393,True,True,False,False,,,,,,,,,,,,
TEsMT2ssaIOeeYroq47ul7Byzub2,2021-01-22,1611335335357002,user_engagement,HomeFragment,MainActivity_V1,1611335273,8,,,2393,,,,,,,,,,,,,,,,
TEsMT2ssaIOeeYroq47ul7Byzub2,2021-01-22,1611335336343001,user_engagement,productDetailsFragment,MainActivity_V1,1611335273,8,,,1039,,,,,,,,,,,,,,,,
TEsMT2ssaIOeeYroq47ul7Byzub2,2021-01-22,1611335346383002,user_engagement,HomeFragment,MainActivity_V1,1611335273,8,,,5782,,,,,,,,,,,,,,,,
TEsMT2ssaIOeeYroq47ul7Byzub2,2021-01-22,1611335364193002,screen_view,HomeFragment,MainActivity_V1,1611335273,8,,,4753,True,True,False,False,,,,,,,,,,,,
TEsMT2ssaIOeeYroq47ul7Byzub2,2021-01-22,1611335379835001,user_engagement,,MainActivity_V1,1611335273,8,,,1182,,,,,,,,,,,,,,,,
lws8XqradLMg6flQjxaISKYCgPk1,2021-01-22,1611335285489001,screen_view,productDetailsFragment,MainActivity_V1,1611335273,8,,,1730,,,,,,,,2020-12-17,4.3,61,,,,,Breach,
lws8XqradLMg6flQjxaISKYCgPk1,2021-01-22,1611335290519001,screen_view,productDetailsFragment,MainActivity_V1,1611335273,8,,,1206,,,,,,,,2020-11-20,5.3,254,,,,,Jiu Jitsu,
lws8XqradLMg6flQjxaISKYCgPk1,2021-01-22,1611335290571002,user_engagement,HomeFragment,MainActivity_V1,1611335273,8,,,3299,,,,,,,,,,,,,,,,
lws8XqradLMg6flQjxaISKYCgPk1,2021-01-22,1611335310032000,screen_view,HomeFragment,MainActivity_V1,1611335273,8,,,5251,True,True,False,False,,,,,,,,,,,,
TEsMT2ssaIOeeYroq47ul7Byzub2,2021-01-22,1611335340577000,screen_view,HomeFragment,MainActivity_V1,1611335273,8,,,5782,True,True,False,False,,,,,,,,,,,,
TEsMT2ssaIOeeYroq47ul7Byzub2,2021-01-22,1611335346359001,screen_view,productDetailsFragment,MainActivity_V1,1611335273,8,,,1174,,,,,,,,2008-01-01,6.7,6,,,,,"Helsinki, Forever",
TEsMT2ssaIOeeYroq47ul7Byzub2,2021-01-22,1611335377557000,select_content,HomeFragment,MainActivity_V1,1611335273,8,NavBar_Button,Category_Button,,,,,,True,True,True,,,,,,,,,
TEsMT2ssaIOeeYroq47ul7Byzub2,2021-01-22,1611335377667001,screen_view,ProductsCategory,MainActivity_V1,1611335273,8,,,980,,,,,,,,,,,,,,,,
TEsMT2ssaIOeeYroq47ul7Byzub2,2021-01-22,1611335380201002,user_engagement,Maps,MainActivity_V1,1611335273,8,,,363,,,,,,,,,,,,,,,,
lws8XqradLMg6flQjxaISKYCgPk1,2021-01-22,1611335273186000,session_start,,,1611335273,8,,,,,,,,,,,,,,,,,,,
lws8XqradLMg6flQjxaISKYCgPk1,2021-01-22,1611335273555002,screen_view,HomeFragment,MainActivity_V1,1611335273,8,,,5389,,,,,,,,,,,,,,,,
lws8XqradLMg6flQjxaISKYCgPk1,2021-01-22,1611335317969001,user_engagement,productDetailsFragment,MainActivity_V1,1611335273,8,,,2671,,,,,,,,,,,,,,,,
TEsMT2ssaIOeeYroq47ul7Byzub2,2021-01-22,1611335328705000,screen_view,HomeFragment,MainActivity_V1,1611335273,8,,,2965,,,,,,,,,,,,,,,,
TEsMT2ssaIOeeYroq47ul7Byzub2,2021-01-22,1611335339265001,screen_view,productDetailsFragment,MainActivity_V1,1611335273,8,,,1312,,,,,,,,2020-08-27,5.8,76,,,,,Cosmoball,
lws8XqradLMg6flQjxaISKYCgPk1,2021-01-22,1611335327540001,select_content,,HomeDefinition,1611335273,8,Button_Clicked,SignIn_Button,,,,,,,,,,,,,,,,,
lws8XqradLMg6flQjxaISKYCgPk1,2021-01-22,1611335281778001,user_engagement,productDetailsFragment,MainActivity_V1,1611335273,8,,,2802,,,,,,,,,,,,,,,,
lws8XqradLMg6flQjxaISKYCgPk1,2021-01-22,1611335285561002,user_engagement,HomeFragment,MainActivity_V1,1611335273,8,,,3737,,,,,,,,,,,,,,,,
lws8XqradLMg6flQjxaISKYCgPk1,2021-01-22,1611335287238001,user_engagement,productDetailsFragment,MainActivity_V1,1611335273,8,,,1730,,,,,,,,,,,,,,,,
lws8XqradLMg6flQjxaISKYCgPk1,2021-01-22,1611335327541000,screen_view,,HomeDefinition,1611335273,8,,,,,,,,,,,,,,,,,,,
lws8XqradLMg6flQjxaISKYCgPk1,2021-01-22,1611335273186003,my_tag_event,HomeFragment,MainActivity_V1,1611335273,8,,,,,,,,,,,,,,,,,,,
lws8XqradLMg6flQjxaISKYCgPk1,2021-01-22,1611335287219000,screen_view,HomeFragment,MainActivity_V1,1611335273,8,,,3299,True,True,False,False,,,,,,,,,,,,
lws8XqradLMg6flQjxaISKYCgPk1,2021-01-22,1611335281749000,screen_view,HomeFragment,MainActivity_V1,1611335273,8,,,3737,True,True,False,False,,,,,,,,,,,,
lws8XqradLMg6flQjxaISKYCgPk1,2021-01-22,1611335291736001,user_engagement,productDetailsFragment,MainActivity_V1,1611335273,8,,,1206,,,,,,,,,,,,,,,,
lws8XqradLMg6flQjxaISKYCgPk1,2021-01-22,1611335296109001,screen_view,productDetailsFragment,MainActivity_V1,1611335273,8,,,2196,,,,,,,,2020-05-29,8.8,1864,,,,,Gabriel's Inferno,
lws8XqradLMg6flQjxaISKYCgPk1,2021-01-22,1611335327565002,user_engagement,,HomeDefinition,1611335273,8,,,9438,,,,,,,,,,,,,,,,
TEsMT2ssaIOeeYroq47ul7Byzub2,2021-01-22,1611335335288001,screen_view,productDetailsFragment,MainActivity_V1,1611335273,8,,,1039,,,,,,,,2020-12-16,7.1,2853,,,,,Wonder Woman 1984,
TEsMT2ssaIOeeYroq47ul7Byzub2,2021-01-22,1611335340592001,user_engagement,productDetailsFragment,MainActivity_V1,1611335273,8,,,1312,,,,,,,,,,,,,,,,
TEsMT2ssaIOeeYroq47ul7Byzub2,2021-01-22,1611335359517000,screen_view,HomeFragment,MainActivity_V1,1611335273,8,,,3707,True,True,False,False,,,,,,,,,,,,
TEsMT2ssaIOeeYroq47ul7Byzub2,2021-01-22,1611335369076002,user_engagement,HomeFragment,MainActivity_V1,1611335273,8,,,5722,,,,,,,,,,,,,,,,
TEsMT2ssaIOeeYroq47ul7Byzub2,2021-01-22,1611335369788002,screen_view,HomeFragment,MainActivity_V1,1611335273,8,,,3733,True,True,False,False,,,,,,,,,,,,
TEsMT2ssaIOeeYroq47ul7Byzub2,2021-01-22,1611335331785002,user_engagement,HomeFragment,MainActivity_V1,1611335273,8,,,2970,,,,,,,,,,,,,,,,
TEsMT2ssaIOeeYroq47ul7Byzub2,2021-01-22,1611335332918001,user_engagement,productDetailsFragment,MainActivity_V1,1611335273,8,,,1226,,,,,,,,,,,,,,,,
TEsMT2ssaIOeeYroq47ul7Byzub2,2021-01-22,1611335336329000,screen_view,HomeFragment,MainActivity_V1,1611335273,8,,,2936,True,True,False,False,,,,,,,,,,,,
TEsMT2ssaIOeeYroq47ul7Byzub2,2021-01-22,1611335363298002,user_engagement,HomeFragment,MainActivity_V1,1611335273,8,,,3707,,,,,,,,,,,,,,,,
TEsMT2ssaIOeeYroq47ul7Byzub2,2021-01-22,1611335380193001,screen_view,HomeFragment,MainActivity_V1,1611335273,8,,,31,,,,,,,,,,,,,,,,
TEsMT2ssaIOeeYroq47ul7Byzub2,2021-01-22,1611335347533000,screen_view,HomeFragment,MainActivity_V1,1611335273,8,,,5662,True,True,False,False,,,,,,,,,,,,
TEsMT2ssaIOeeYroq47ul7Byzub2,2021-01-22,1611335354272004,user_engagement,productDetailsFragment,MainActivity_V1,1611335273,8,,,1061,,,,,,,,,,,,,,,,
TEsMT2ssaIOeeYroq47ul7Byzub2,2021-01-22,1611335358268001,screen_view,productDetailsFragment,MainActivity_V1,1611335273,8,,,1249,,,,,,,,2019-05-30,8.5,10390,,,,,Parasite,
TEsMT2ssaIOeeYroq47ul7Byzub2,2021-01-22,1611335363226001,screen_view,productDetailsFragment,MainActivity_V1,1611335273,8,,,969,,,,,,,,2019-08-30,8.5,208,,,,,KonoSuba: God's Blessing on this Wonderful World! Legend of Crimson,
TEsMT2ssaIOeeYroq47ul7Byzub2,2021-01-22,1611335373563002,user_engagement,HomeFragment,MainActivity_V1,1611335273,8,,,4576,,,,,,,,,,,,,,,,
lws8XqradLMg6flQjxaISKYCgPk1,2021-01-22,1611335273555001,screen_view,HomeFragment,MainActivity_V1,1611335273,8,,,1,,,,,True,True,True,,,,,,,,,
lws8XqradLMg6flQjxaISKYCgPk1,2021-01-22,1611335273564000,screen_view,,MainActivity_V1,1611335273,8,,,9,,,,,,,,,,,,,,,,
lws8XqradLMg6flQjxaISKYCgPk1,2021-01-22,1611335278984002,user_engagement,HomeFragment,MainActivity_V1,1611335273,8,,,5399,,,,,,,,,,,,,,,,
lws8XqradLMg6flQjxaISKYCgPk1,2021-01-22,1611335298304000,screen_view,HomeFragment,MainActivity_V1,1611335273,8,,,3179,True,True,False,False,,,,,,,,,,,,
lws8XqradLMg6flQjxaISKYCgPk1,2021-01-22,1611335304389000,screen_view,HomeFragment,MainActivity_V1,1611335273,8,,,4677,True,True,False,False,,,,,,,,,,,,
TEsMT2ssaIOeeYroq47ul7Byzub2,2021-01-22,1611335383657000,user_engagement,HomeFragment,MainActivity_V1,1611335273,8,,,3453,,,,,,,,,,,,,,,,
lws8XqradLMg6flQjxaISKYCgPk1,2021-01-22,1611335304398001,user_engagement,productDetailsFragment,MainActivity_V1,1611335273,8,,,2906,,,,,,,,,,,,,,,,
lws8XqradLMg6flQjxaISKYCgPk1,2021-01-22,1611335318111001,screen_view,,HomeDefinition,1611335273,8,,,9438,,,,,,,,,,,,,,,,
lws8XqradLMg6flQjxaISKYCgPk1,2021-01-22,1611335301484001,screen_view,productDetailsFragment,MainActivity_V1,1611335273,8,,,2906,,,,,,,,2020-12-25,6.3,257,,,,,We Can Be Heroes,
lws8XqradLMg6flQjxaISKYCgPk1,2021-01-22,1611335315283001,screen_view,productDetailsFragment,MainActivity_V1,1611335273,8,,,2671,,,,,,,,1958-10-10,7.7,81,,,,,The Music Room,
lws8XqradLMg6flQjxaISKYCgPk1,2021-01-22,1611335315327002,user_engagement,HomeFragment,MainActivity_V1,1611335273,8,,,6216,,,,,,,,,,,,,,,,
lws8XqradLMg6flQjxaISKYCgPk1,2021-01-22,1611335298322001,user_engagement,productDetailsFragment,MainActivity_V1,1611335273,8,,,2196,,,,,,,,,,,,,,,,
lws8XqradLMg6flQjxaISKYCgPk1,2021-01-22,1611335328502002,screen_view,,HomeDefinition,1611335273,8,,,,,,,,,,,,,,,,,,,
TEsMT2ssaIOeeYroq47ul7Byzub2,2021-01-22,1611335373523001,screen_view,productDetailsFragment,MainActivity_V1,1611335273,8,,,1008,,,,,,,,2019-06-15,8.6,200,,,,,Rascal Does Not Dream of a Dreaming Girl,
TEsMT2ssaIOeeYroq47ul7Byzub2,2021-01-22,1611335377680002,user_engagement,HomeFragment,MainActivity_V1,1611335273,8,,,3137,,,,,,,,,,,,,,,,
TEsMT2ssaIOeeYroq47ul7Byzub2,2021-01-22,1611335359531001,user_engagement,productDetailsFragment,MainActivity_V1,1611335273,8,,,1249,,,,,,,,,,,,,,,,
TEsMT2ssaIOeeYroq47ul7Byzub2,2021-01-22,1611335374529000,screen_view,HomeFragment,MainActivity_V1,1611335273,8,,,3137,True,True,False,False,,,,,,,,,,,,
TEsMT2ssaIOeeYroq47ul7Byzub2,2021-01-22,1611335380100000,select_content,Maps,MainActivity_V1,1611335273,8,NavBar_Button,Home_Button,,,,,,True,True,True,,,,,,,,,
lws8XqradLMg6flQjxaISKYCgPk1,2021-01-22,1611335291721000,screen_view,HomeFragment,MainActivity_V1,1611335273,8,,,4384,True,True,False,False,,,,,,,,,,,,
lws8XqradLMg6flQjxaISKYCgPk1,2021-01-22,1611335309105002,user_engagement,HomeFragment,MainActivity_V1,1611335273,8,,,4677,,,,,,,,,,,,,,,,
lws8XqradLMg6flQjxaISKYCgPk1,2021-01-22,1611335278950001,screen_view,productDetailsFragment,MainActivity_V1,1611335273,8,,,2802,,,,,,,,1994-09-23,8.7,18050,,,,,The Shawshank Redemption,
lws8XqradLMg6flQjxaISKYCgPk1,2021-01-22,1611335296164002,user_engagement,HomeFragment,MainActivity_V1,1611335273,8,,,4384,,,,,,,,,,,,,,,,
lws8XqradLMg6flQjxaISKYCgPk1,2021-01-22,1611335301530002,user_engagement,HomeFragment,MainActivity_V1,1611335273,8,,,3179,,,,,,,,,,,,,,,,
lws8XqradLMg6flQjxaISKYCgPk1,2021-01-22,1611335309067001,screen_view,productDetailsFragment,MainActivity_V1,1611335273,8,,,965,,,,,,,,2020-12-17,4.3,61,,,,,Breach,
lws8XqradLMg6flQjxaISKYCgPk1,2021-01-22,1611335317949000,select_content,productDetailsFragment,MainActivity_V1,1611335273,8,Button_Clicked,action_signOut,,,,,,,,,,,,,,,,,
TEsMT2ssaIOeeYroq47ul7Byzub2,2021-01-22,1611335339214000,select_item,HomeFragment,MainActivity_V1,1611335273,8,,,,,,,,,,,2020-08-27,5.8,76,ru,"[878,12]",2,popularMoviesRV,Cosmoball,Cosmoball
TEsMT2ssaIOeeYroq47ul7Byzub2,2021-01-22,1611335346322000,select_item,HomeFragment,MainActivity_V1,1611335273,8,,,,,,,,,,,2008-01-01,6.7,6,fi,[99],46,top_ratedMoviesRV,"Helsinki, Forever","Helsinki, Forever"
TEsMT2ssaIOeeYroq47ul7Byzub2,2021-01-22,1611335331645000,select_item,HomeFragment,MainActivity_V1,1611335273,8,,,,,,,,,,,1974-12-20,8.6,8126,en,"[18,80]",2,top_ratedMoviesRV,The Godfather: Part II,The Godfather: Part II
TEsMT2ssaIOeeYroq47ul7Byzub2,2021-01-22,1611335353146000,select_item,HomeFragment,MainActivity_V1,1611335273,8,,,,,,,,,,,1951-10-03,7.9,87,ja,[18],35,popularMoviesRV,Early Summer,Early Summer
TEsMT2ssaIOeeYroq47ul7Byzub2,2021-01-22,1611335358250000,select_item,HomeFragment,MainActivity_V1,1611335273,8,,,,,,,,,,,2019-05-30,8.5,10390,ko,"[35,53,18]",11,top_ratedMoviesRV,Parasite,Parasite
lws8XqradLMg6flQjxaISKYCgPk1,2021-01-22,1611335278861000,select_item,HomeFragment,MainActivity_V1,1611335273,8,,,,,,,,,,,1994-09-23,8.7,18050,en,"[18,80]",3,top_ratedMoviesRV,The Shawshank Redemption,The Shawshank Redemption
lws8XqradLMg6flQjxaISKYCgPk1,2021-01-22,1611335315248000,select_item,HomeFragment,MainActivity_V1,1611335273,8,,,,,,,,,,,1958-10-10,7.7,81,bn,"[18,10402]",32,top_ratedMoviesRV,The Music Room,The Music Room
lws8XqradLMg6flQjxaISKYCgPk1,2021-01-22,1611335296046000,select_item,HomeFragment,MainActivity_V1,1611335273,8,,,,,,,,,,,2020-05-29,8.8,1864,en,[10749],16,top_ratedMoviesRV,Gabriel's Inferno,Gabriel's Inferno
lws8XqradLMg6flQjxaISKYCgPk1,2021-01-22,1611335285454000,select_item,HomeFragment,MainActivity_V1,1611335273,8,,,,,,,,,,,2020-12-17,4.3,61,en,"[28,878]",13,popularMoviesRV,Breach,Breach
TEsMT2ssaIOeeYroq47ul7Byzub2,2021-01-22,1611335335232000,select_item,HomeFragment,MainActivity_V1,1611335273,8,,,,,,,,,,,2020-12-16,7.1,2853,en,"[14,28,12]",0,popularMoviesRV,Wonder Woman 1984,Wonder Woman 1984
TEsMT2ssaIOeeYroq47ul7Byzub2,2021-01-22,1611335368897000,select_item,HomeFragment,MainActivity_V1,1611335273,8,,,,,,,,,,,2020-12-17,4.3,61,en,"[28,878]",13,popularMoviesRV,Breach,Breach
lws8XqradLMg6flQjxaISKYCgPk1,2021-01-22,1611335290488000,select_item,HomeFragment,MainActivity_V1,1611335273,8,,,,,,,,,,,2020-11-20,5.3,254,en,"[28,14,878]",8,popularMoviesRV,Jiu Jitsu,Jiu Jitsu
lws8XqradLMg6flQjxaISKYCgPk1,2021-01-22,1611335309036000,select_item,HomeFragment,MainActivity_V1,1611335273,8,,,,,,,,,,,2020-12-17,4.3,61,en,"[28,878]",24,popularMoviesRV,Breach,Breach
TEsMT2ssaIOeeYroq47ul7Byzub2,2021-01-22,1611335363202000,select_item,HomeFragment,MainActivity_V1,1611335273,8,,,,,,,,,,,2019-08-30,8.5,208,ja,"[12,35,16,14]",12,top_ratedMoviesRV,KonoSuba: God's Blessing on this Wonderful World! Legend of Crimson,KonoSuba: God's Blessing on this Wonderful World! Legend of Crimson
TEsMT2ssaIOeeYroq47ul7Byzub2,2021-01-22,1611335373504000,select_item,HomeFragment,MainActivity_V1,1611335273,8,,,,,,,,,,,2019-06-15,8.6,200,ja,"[16,35,10749,18,14]",13,top_ratedMoviesRV,Rascal Does Not Dream of a Dreaming Girl,Rascal Does Not Dream of a Dreaming Girl
lws8XqradLMg6flQjxaISKYCgPk1,2021-01-22,1611335301452000,select_item,HomeFragment,MainActivity_V1,1611335273,8,,,,,,,,,,,2020-12-25,6.3,257,en,"[28,14,10751,18,35]",11,popularMoviesRV,We Can Be Heroes,We Can Be Heroes
